,RMSE,MAE
0,0.3223038,0.21604647
